date,review,rating,isEdited,userName,title
2023-12-14 13:31:40,"Maaf admin, sebagai masukan. 

Masalah: masih ada tahapan yang mana pemohon masih harus ke kantor Dukcapil utk melakukan verifikasi barcode. 

Solusi: sekiranya tahapan verifikasi barcode pada kantor dukcapil di gantikan dengan verifikasi online menggunakan vidio interaktif dengan operator dan/atau mengirimi barcode ke email dan/atau nomer tlfn dan/atau cara lainnya yang sifatnya online

Tujuan: agar mempermudah dan efektivitas  seluruh tahapan yang dilakukan oleh pemohon dalam pengajuan Identitas Kependudukan Digital tanpa melewati prinsip kehati-hatian dan rahasia data pribadi 

Harapan: semoga seluruh produk dukcapil mengenai data diri atau identitas bisa dalam satu app atau superapps dukcapil agar terujud nya goverment yang efektif dan efisien 

Terimakasi ğŸ™ğŸ»",3,False,APN41,Masukan
2023-08-04 08:51:45,"Seriusan apanya yang online kalo tetep disuruh dateng ke dukcapil?, sia sia gw bayar pajak tiap tahun cuma buat ngempanin orang2 tolol yg kerja di dukcapil ğŸ¤£ğŸ¤£ğŸ¤£",1,False,"Ganti Nama, jadi entaraja",Aplikasi Tolol
2023-08-23 03:20:45,"Katanya digital tapi masih diharuskan datang ke dukcapil untuk scan QR, seharusnya pada saat registrasi itu QRnya otomatis di kirim ke email. Mau digital elit mau QR sulit ğŸ™„",1,False,Nakam2323,Sulit
2023-08-08 13:50:50,"Tolong yg bener lah , masa online tapi disuruh dateng ke kantor , lawak banget",1,False,4swu,Kerja setengah setengah
2023-09-27 01:27:02,"Proâ€™s: good security protection, you cannot print screen the data when you open the apps.ğŸ‘

Conâ€™s: with budget provided and expense capex on the IT infrastructure for data recording, public should have better facilities and services. Thatâ€™s still long way to go for my great country.",5,False,fjemmyc,Good start for digitalization.
2023-10-10 06:47:32,"Admin, mohon bantuan. saya tidak bisa buka dokumen kependudukan saya. Sudah pindah device, sudah uninstal trus instal lagi, bersihkan cache, force stop, semuanya sudah. Tapi tetap ga bisa dibuka dokumennya. Tolong bantuannya. Terima kasih",3,False,usergege,Tidak bisa buka dokumen kependudukan
2023-10-05 07:55:47,Apa cuma aku di sini yang kalau klik dokumen malah loading dan error terus ? padahal koneksi internet lancar aja,1,False,Ikhsan Siahaan,ERROR
2023-10-04 11:09:09,"sepertinya sdg ada problem, KTP dan KK tidak bisa tampil",3,False,wirawan_abcd,tampil dokumen lama
2024-02-03 02:39:56,"Sebelom diwajibkan install ini sama dukcapil karena saya pindah domisili, gak ada yg spam aneh aneh. Bahkan orang mau nipu pun gatau nama saya. Tapi setelahnya, ada bot tau nama lengkap saya, orang spam malware ke whatsapp. Ini data rakyat jangan dijual dong! Atau kalo gak ngerasa ngejual, artinya security nya jelek, nyesel masukin nomer hp.",1,False,luminouscent,Data bocor?
2024-04-24 06:04:05,aplikasi taek di buka aja ga bisa,1,False,cokksh,coook
2024-01-15 06:05:06,Digital tapi harus scan qr ke dukcapil... konoha gk bener... pajak di naik2in cuma buat para pejabat yg butuh duitğŸ˜…ğŸ˜…,1,False,jonin konoha,Jangan ngelawak
2024-01-13 12:16:06,"Seharusnya kl mau online dibuat comprehensive, masa ke Dukcapil lg
Kode QRnya dikirim ke email saja",1,False,KSaragih,Kenapa hrs minta QR ke Dukcapil?
2024-01-06 14:42:01,"Digital ndasmu, apanya yg digital kalo harus tetap pergi ke dukcapil? Digital cuman jargon gimmick doang",1,False,Hypercaffium,"Tidak Efisien, Cuman gimick â€œdigitalâ€"
2023-09-19 16:09:31,"Akhirnya Rilis juga di IOS, Aplikasinya sudah bagus cuma perlu bbrpa perubahan kedepan lagi dan tambahan menu yg lbh canggih, untuk yg blg harus scan barcode mmg begitu caranya, lagian cuma scan sekali saja apa susah nya sih datang ke kantor capilğŸ˜…",5,False,Khairul Adami,Bagus
2023-06-08 00:17:16,dupcapil bisa dan prima,5,False,naila mchlle,dupcapil
2023-08-03 06:59:11,Ternyata harus datang langsung ke Disdukcapil.,1,False,penggunalawas22,Aplikasi tiada guna ğŸ‘ŒğŸ»
2024-05-24 05:08:29,"Aplikasi apa ini cok gajelas, katanya online tapi diminta datang ke dukcapil juga.. keat!",1,False,Rhwna,App jembut
2024-05-24 02:57:04,"Scan QR ke Dukcapil? Sama aja bhong wkwk,ribet",1,False,junioranwar,"Abisin waktu,uinstal apps"
2024-05-23 00:29:49,Saya sdh ada KTP digital sjk thn lalu Itupun pas aja ngurus surat2 keluarga sekalian aktivasi d dukcapil.Saya paham pemilik KTP hrs verifikasi fisik langsung dt4 krn siapa tau ada yg menyalahgunakan ektp org lain yg scr fisik serupa tp tak sama (misal org kembar).Sekali aja dukcapil datang kt4 saya diumumkan sehari sblmnya utk bantu warga verifikasi KTP digital dt4 ini jemput bola yg bagus!Hanya saja sayangnya app ini blm jelas pemakaian real d dunia nyata spt apa krn urusan administrasi dnegara ini msh serba fotocopy melulu.Sampe perpanjang sim stnk paspor msh fotocopy ektp jd ini aplikasi digital masih blm benar2 digunakan real msh sebatas kolektif warga aja dulu.Kedua yg bikin sesal adalah app ini hanya berjalan di 1 perangkat saja sdgkan jaman Now warga udah umum punya minimal 2hp!Shrsnya ada sistem tambah di perangkat baru dan di acc di perangkat pertama bukan malah dibatasi hanya bisa diakses di 1 perangkat saja klo diakses di perangkat baru maka hak akses di perangkat pertama langsung kehapus itu logika IT yg ga sesuai karakteristik warga indonesia yg punya multi devices!,1,False,BanhMiAhoi,Ya Sudahlah
2024-05-21 07:38:11,"Pendaftaran akun saja harus pakai QR dari petugas Dukcapil. Artinya harus bertemu dgn petugas lagi, sedangkan aplikasi dibuat agar semua urusan selesai secara online. Apa gunanya aplikasi kalau begitu? Informasi dalam aplikasi juga tidak jelas, membuat bingung dalam pengisiannya.",1,False,Jogsekala,Informasi Aplikasi Tidak Jelas
2024-05-15 02:50:58,"Kartu BPJS saya pernah mengalami nomor ganda. Sudah diperbaiki dan dihapus nomor yang salah, baik di kantor BPJS di Pancoran, maupun di Puskesmas di mana kami biasa berobat. Tapi kenapa di aplikasi ini masih tercantum nomor BPJS yang salah yang harusnya sudah ga ada??????? ğŸ¤¬ğŸ¤¯",3,False,relentless mom,Nomor BPJS Salah
2024-05-21 03:40:14,Hei pemerintah tolong lah.. anda bikin aplikasi kok masih nyusahin masyarakat? Ini tuh kek mana ya konsep aplikasinya,1,False,Lymolymo,Aplikasi sampah
2024-05-20 06:58:11,"Pas mau registrasi ktp , pas mau masuk ke Photo tibaâ€ aplikasi terkeluar sendiri wkwkwk",1,False,Wirayudamarpaung,Hm
2024-05-16 01:13:43,memuat untuk membuka aplikasi sangat lamma,2,False,riooooooiiiisosi,loading terlalu lama
2024-05-15 13:19:32,Buat apa download aplikasi kalau ujungnya mesti ke dukcapil juga ? ONLINE harusnya ga perlu ke kantor duckcapil lagi,1,False,ronaldwi,Aplikasi online buat apa? Harus ke dukcapil juga
2024-05-15 07:40:31,"Gajelas wkwkwk ujung2nya ttp disuruh dateng ke kelurahan, kapan mau maju ini negara",1,False,Kepinnn,ONLINE TAPI TETAP SURUH DATENG
2024-05-15 03:46:49,"Kk lewat email lewat sebulan tidak bisa dibuka lagi lalu suruh buka lewat apk idk ternyata sama aja ga bisa dibuka,, ini servernya yg overload atau emang apknya yg belum siap pakai
Please deh ini pelayanan utk masyarakat tapi kinerjanya seperti ini",1,False,dk212013,Tidak bisa dibuka
2024-05-13 03:40:10,"Saya minta cetak KK, sudah sebulan tidak ada perkembangan, datang ke Kelurahan, dianjurkan manual saja krn katanya memang di aplikasi tidak ada yg merespon. ğŸ˜¢",2,False,TeguhBdy,Tidak ada yg merespon layanan.
2024-05-14 11:23:19,Bayar pajak terus tapi buat bayar orang kerja ga bener. Aplikasi online tapi tetep scan offline. Agak aneh emang,1,False,Kamalshahab,Disuruh online setengahâ€
2024-04-26 02:42:31,Pas buka aplikasi nya malah menghubungkan mulu padahal jaringan nya bagus,2,False,Ahahha fast,Oks
2024-05-11 08:13:57,"Sudah bagus digital sangat dimudahkan cukup dari gengaman tangan, tetapi kenapa harus registrasi mengunjungi Dukcapil setempat, kalau tinggalnya dekat dengan kota Lha kalau tinggalnya jauh dari kota mau ngurus harus menempuh perjalanan yang jauh terus gimana. Koq tak terpikirkan sepertinya",1,False,Danang Priyono,Ribet
2024-05-04 05:17:38,"Aplikasi tolol, app buatan indo malah menyusahkan bukan mempermudahğŸ¤¡ğŸ¤¡ğŸ¤¡ğŸ¤¡ğŸ¤¡ğŸ¤¡",1,False,jeiangqcjncnwiiwhsOoalpq,TololğŸ¤¡ğŸ¤¡ğŸ¤¡ğŸ¤¡ğŸ¤¡ğŸ¤¡
2024-05-01 01:40:21,"Saya pengajuan pembuatan akte sudah 2 minggu ga ada penjelasan sampai sekarang,entah di kerjain entah gimana,tolong kalo sistem mau pakai aplikasi seperti ini buat team khusus biar ga kaya gini,aplikasi sering kali erorr ,dan pengajuan diem aja ga ada perubahan proses nya.
Saya mau tanya
Kenapa sih urusan kependudukan ini Selalu RIBET,datang langsung ribet,ini udah pake aplikasi bukan nya mudah malah ribet juga",1,False,Jojon88,Aplikasi tidak Bermutu
2024-04-29 05:05:50,"Aplikasi buruk, nyampe capil urus ktp rusak, ktp jadi gabole di ambil kalo belum log in ikd dan scan barcode. Gimana mau log in sedangkan aplikasi muter muter terus gak bisa log in. Sekalinya bisa log in pasti selalu nyalahin sinyal padahal sinyal full kuota BANYAKKKK LOL",1,False,Gibran bagus,1
2024-04-27 06:32:20,"Admin, mohon penjelesannya dan info nya. untuk aplikasi ini menu di menu dokumen ada pilihan KK dan KTP .pada saat sya ingin mmbagikan KK jika di bagikan muncul barcode untuk dipindai, fungsi nya ini apa ya??? karena saya pindai pun tidak bisa (situs tidak terdaftar) tanpa dibagikan pun KK nya hanya â€œlihatâ€ di screenshot juga ngga bisa padahal lagi butuh. ini bagaimana ya mohon penjelasannya.",1,False,Arws smbg,perihal dokumen KK
2024-04-26 20:18:07,Aplikasi tolol ga guna!!,1,False,ada ajja,APK GAJELAS!
2024-04-24 12:53:33,Sya udh berulang kai scan tidak bisa membacaâ€¦invalid,2,False,Hery latif,Tidak bisa scan
2024-04-26 02:29:05,jangan berharap tinggi sama aplikasi berlogo garuda,1,False,cloudizerjogja,i n d o n e s i a
2024-04-25 02:52:42,"Aplikasinya ga bisa dipake. Force closed terus pada saat ambil foto. Pas buka lagi, dari awal lagi input NIK, dll.
Ga bisa dipakai. Tolong diperbaiki.",1,False,MRDamanhuri,Force closed
2024-04-24 07:19:31,"Mau register harus ke dukcapil untuk dapat qr. Buat apa siâ€¦ 
Harusnya bisa lebih di simplekan. Biar semua itu online. Klo harus datang ke dukcapil ma sama aja boongâ€¦",1,False,errorrerrorr,Register aja ribet
2024-04-04 03:43:15,"Sudah lama-lama antri untuk aktivasi IKD, pas mau discan barcode, kamera tidak bisa membaca barcodenya. Disuruh ganti hape. Mohon diperbaiki lagi.",3,False,Maminaniz,Aktivasi IKD
2024-04-24 04:15:53,"Bintang 1 dulu, fitur pelayanan ga berfungsi.",1,False,santo ignacio,Fitur pelayanan ga berfungsi
2024-04-23 01:31:21,"apapun urusan anda, contoh misalkan buat pasor, mesti menunjukan fisik eKTP dan fotokopi eKTP lawak banget, eKTP masih di fotokopi hari gini??? terus melampirkan KK asli dan fotokopi KK, gila lu ndro, data-data kan sudah lengkap didalam di eKTP kenapa gak dipakai? juga menunjukan dokumen asli dan melampirkan fotokopi akte / ijazah / buku nikah, buset!! jadi ini digitalisasinya dimana ini?? 2024 masih terbelakang, gayanya canggih memanfaatkan teknologi, lawakan nasional",1,False,iDramous,lawakan nasional best world record
2024-04-22 19:28:43,Apk ga guna maksudnya gimna masak login aja ga bisa gimna mau liat ktp klok login aja ga bisa tolongla admin di perbaiki lgi aplikasinya klok udah gini masyarakat yang repot bolak balik ke kantor ngabis2in biaya aja,2,False,undor undor,Belulok
2024-04-22 05:47:26,"gini nih aplikasi lokalâ€¦.udah suruh bikin IKD, giliran dah di instal eeeeeeehhhhhh malah ga bisa di buka, saya sudah 4 hari ini install apk ini, tp belum bisa mengaksessâ€¦. please di perbaiki",1,False,plenyoen,tidak bisa di buka
2024-04-19 23:34:56,"Ktp saya dihilangkan orang lain, pada saat pengurusan kantor kecamatan katanya harus ada ktp digital , Sudah 1 minggu mau verifikasi wajah, ga pernah bisa, selalu muncul ""ulangi ambil foto""",1,False,D4l3 l40h,Susah Verifikasi wajah
2024-04-19 10:37:40,Mohon perbaikannya karena applikasinya loading trus tidak bisa di buka applikasinya,1,False,sultanfareed,Tidak bisa di buka
2024-04-19 01:27:54,Malah sirih datang ke dulcapil dong ğŸ˜,1,False,ggdhdi,Malah sirih datang ke dulcapil dong ğŸ˜
2024-04-16 06:13:58,"Klo emg serius bikin aplikasi tu dengerin feedback user, matengin dulu sebelum rilis ke publik. Masih banyak bug, baru download koneksi internet lancar kok ya begitu masuk apk memuatnya ga selesai2. Sia2 gue bayar pajak cm buat bayar sdm yg model begini.",1,False,Zhafam,Aplikasi lawak
2024-04-06 05:13:39,Aplikasi SAMPAH !!!,1,False,Koruptor hukum mati,Sampah
2024-04-01 00:23:22,Pas bukak aplikasi tidak bisa masuk. Berkali kali dicoba ttep gak bisa masuk ke menu. Hanya memuat dan loading dalam waktu lama,3,False,Davin lejar,Ga bisa masuk aplikasi
2024-04-03 10:53:04,"Katanya online , loh ko tetap harus ke dukcapilğŸ¤£ğŸ¤£, sama juga bohong dong",1,False,Kyugatsu,Ribet
2024-04-03 06:15:37,"Ni apk gimana sih, bener2 gabisa full online apa? Percuma aja bikin apk tapi harus dateng dulu ke kantor, kalo emang ga serius bikin apk mending gausah dah",1,False,ex_heroez,Aplikasi tidak optimal
2024-04-02 04:13:44,gak jelas balik ke beranda terus setelah isi data,1,False,ndhhevdvz,tidak bagus
2024-04-01 03:00:09,Aplikasinya cuman bisa di buka kalau pake wifi sedangkan ikd lebih di butuhin di luar dan otomatis lebih butuh di buka pake kuota tapi aplikasinya ga bisa di buka pake kuotaâ€¦ indosat btw kuotanya,1,False,yudis135,Ga bisa buka kalo pake kuota
2024-03-28 13:24:28,Kenapa aplikasi tidak dapat dibuka lagi padahal sudah saya coba berkali kali histori sudah saya hapus catche sudah saya bersihkan tapi tetep saja tidak bisa login,5,False,panggipan,Gagal masuk
2024-03-30 11:10:13,Aplikasi isinya minta pin terus,1,False,Lutfie86,Nyusahin
2024-03-29 08:04:56,"Untuk dokumen seperti Akta Kelahiran dan KK, saya tanyakan pada dukcapil untuk minta PDFnya katanya tidak bisa. Saya bisa lihat di IKD tapi tidak ada opsi Cetak atau Download. Kalau memang Go Digital sebaiknya bisa download sendiri tidak perlu ke Dukcapil lagi.",1,False,francisleoni,"Opsi untuk mencetak Akta, KK sendiri"
2024-03-28 01:16:19,"Payah , apk untuk mempermudah tidak datang kesana kemari, ini malah ke dukcapil lagi, mending sekalian kasih datang suruh orang dukcapil urusin, keliatan banget jualannya",1,False,Dartono..,JUALAN APK DOANG
2024-03-26 11:16:40,"digitalisasi yg bagamimana ketika daftar harus ke dukcapil dan kesannya cuma buang anggaran seperti ini?
sedangkan aplikasinya kalah dengan judi onlineğŸ˜‚",1,False,anggoro1830,kenapa digital harus ke dukcapil?
2024-03-19 06:29:52,"Padahal jaringan full tp mau buka selalu masalh jaringan, bagaimana ini?",3,False,Athayaleny,Padahal jaringan full
2024-03-24 10:35:41,"Judulnya online, tpi masih disuruh datang ke dukcapil ? Online darimananya ???",1,False,Sr0406,Online abalâ€
2024-03-24 02:33:52,"hadehh, masih aja ke kantor dukcapilğŸ˜…ğŸ˜…ğŸ˜…",1,False,morang kiki,ngakngokngakngok
2024-03-23 19:36:01,Kenapa sih tidak bisa daftar online? Kenapa mesti ke kantor capil dulu cuman buat daftar? Trus apa gunanya ini aplikasi dibuat kalau gak bisa dipake secara online,1,False,(5678ksgdjfbfkshsis,Tidak bisa daftar
2024-03-23 12:54:23,Saya kira bisa verifikasi online langsung. Udah ada email dan no handphne. Masih aja harus dateng ke dukcapil. Auto UninstallğŸ”¥,1,False,tisnaeee,Verifikasi ke Petugas Dukcapil
2024-03-19 06:43:50,"Sejatinya pemerintah kependudukan itu tolol semua, bodoh dan tidak mampu bekerja.",1,False,luis alvarisi,Tololl
2024-03-19 04:05:53,aplikasinya tidak bisa dibuka,3,False,Wahyu TW,Masalah
2024-03-19 04:13:55,"Aplikasi gak bisa dibuka, selalu gagal koneksi",1,False,Harits26,Gabisa dibuka aplikasinya
2024-03-19 02:04:55,tidak bisa di buka.!,3,False,Wa Supriatna,Tdk bisa masuk.
2024-03-19 03:30:49,Mohon untuk direview kembali aplikasinya. Saya sangat menghargai perubahan tapi mohon untuk dievaluasi secara berkala untuk setiap perubahan sistem. Sistem bilang â€œterjadi kesalahan jaringanâ€login padahal saya punya kuota dan pakai wifi. Mohon evaluasinya.,2,False,Bobby Hendrik,"Baru bisa dibuka pas malam, sedangkan untuk scan barcode harus pagi"
2024-03-19 03:26:44,"Mohon jaga kualitasnya, saya tidak bisa buka aplikasi, keterangan selalu kesalahan jaringan. Padahal saya sedang menggunakan wifi yg stabil namun tetap tidak bisa dibuka. Mohon perbaikan dan perhatiannya. Terimakasih",1,False,an.diprabowo,Tidak bisa di buka aplikasinya
2024-03-19 02:54:59,Kenapa hp ios tidak dapat di gunakan ya? Memuat selalu coba lagi tidak dapat masuk ke app,2,False,IntanDiah199520,Untuk IOS aplikasi tidak dapat d gunakan
2024-03-19 02:47:09,"Aplikasi dibuat untuk mempermudah proses, yang terjadi sebaliknya. Membuat proses menjadi lebih sulit dan kompleks.
Aplikasi memberikan pesan â€œTerjadi kesalahan koneksiâ€, padahal koneksi ke internet (celluler dan wifi berjalan lancar).
Saat di Kelurahan, tidak terdapat opsi proses lainnya selain via aplikasi, yang bermasalah.
Sangat tidak baik proses dan kualitas aplikasinya.",1,False,cndmax,Aplikasi Tidak Bisa Digunakan
2024-03-19 02:36:50,Admin kenapa di ios tidak bisa ? Keluar notif jaringan padahal jariangannya aman,1,False,Lukman777886,Tidak memuaskan
2024-03-19 01:18:43,Kok lelet banget ?,1,False,Akhmad Agus Supiani,Gak bisa kebuka
2024-03-19 01:18:15,Tolong diperbaiki lagi untuk akses nya khusus pengguna iphone tidak bisa melakukan login!,1,False,Mushlihul,APLIKASI EROR
2024-03-19 00:19:00,tidak bisa memuat. aplikasi macam apa ini,1,False,dkydrmawan,loading sangat lama
2024-03-18 23:55:15,Tidak bisa diakses setelah diunduh,1,False,94theodore,Koneksi bermasalah
2024-03-18 16:06:31,Baru download tetapi tidak bisa dibuka aplikasinya,1,False,Hfhsjis,Aplikasi tidak berfungsi dengan baik
2024-03-18 03:27:17,Saya sangat kecewa kepada pemerintah. Masa tiap kecamatan gaada blankon. Saya kehilangan ktp saya malah di suruh bkin digital ktp pake aplikasi ini. Bilang nya bisa di gunakan untuk keperluan apapun. Kenyataan nya tidak. Saya kesulitan membuat rekening baru karna di seluruh bank gabisa pake KTP digital! Pihak bank bilng blm ada peraturan memakai KTP digital! Jadi gimana ini? Ktp digital nya tidak bisa berguna â€¦!,1,False,pengguna digital ktp,Keluhan
2024-03-07 08:15:04,"Baru download, ada ulasan di media online tanpa datang ke dukcapil, realitasnya harus minta scan barcode ke dukcapil... aplikasi utk mempermudah dan tanpa harus tatap muka. Sebagai bahan pengembangan, user requirement perlu mjd bahan utama perbaikan",3,False,Teguhsaja,Untuk pengembangan aplikasi
2024-03-14 07:57:16,Mengapa aplikasi IKD ini hanya bisa di akses jika HP kita tersambung WIFI jika pake data selular aplikasi error tidak bisa di akses mohon solusinya,1,False,Rahmadawal,Aplikasi hanya bisa digunakan jika kita tersambung Ke WiFi
2024-03-10 15:33:45,kocak katanta digital ngapain harus dateng ke dukcapil,1,False,jey444,kocak
2024-03-04 13:41:22,ini saya udah daftar di capil beberapa bulan kemarin trz saya ganti hp dan di hape baru download IKD lagi tapi cuma ada menu daftar menu login gak ada???? kan aneh,3,False,masbay19,Tidak ada menu login
2024-03-07 05:16:56,"semua penanganan Tidak ada yang beres mulai Akte kematian,Kk,KTP di bikin Edan.",1,False,Sanusi211293,Tidak sesuai Harapan
2024-03-05 00:23:03,Apl gjls lemot jaringan padahal lancar jaya,1,False,Tffghccd,Apl konyol
2024-02-24 12:43:32,Mau daftar ktp digital malah ribet musti minta kode qr ke dukcapil masa ğŸ¤¦â€â™‚ï¸,3,False,YahGitu,Repot
2024-03-04 11:33:13,"Katanya canggih serba onlineğŸ¤£ sdh dtg dikantor capil, sdh daftar online pas discan eh katanya komputernya eror. Lawak bener. Paling bener mmg pake calo ga ada berapa jam sdh jadi.",1,False,Widyals,Lawak
2024-03-04 06:04:23,"Tolong dong , bikin app yg user friendly. 
Aplikasi selalu loading. Lama sekali dibukanya. 
Era digitalisasi yg notabene memudahkan rakyat. Tapi malah bikin riweh krna aplikasi ga bisa dibuka",1,False,leli28373,Not useful
2024-03-04 04:37:50,parah,1,False,asepbedog77,jaringan stabil koneksi gagal terus heran
2024-03-04 04:12:02,UNTUK APA DIBIKIN ONLINE KALAU UJUNGâ€NYA SAAT DAFTAR HARUS KE KANTOR DUKCAPIL LAGI?,1,False,Toni00123,GAK GUNA
2024-03-01 12:54:44,aplikasinya ko gabisa dibuka yah setengah jam aku tungguin tapi ke ke buka,1,False,yufermanlase,aplikasinya ko gabisa dibuka yah setengah jam aku tungguin tapi ke ke buka
2024-02-28 14:33:36,Lama banget loadingnya,1,False,Gagegihna,Lemot
2024-02-28 07:00:03,masa harus pakai jaringan kecamatan bru bisa buka. sdh pakai jaringan bagus tp cm bs dijaringan kecamatan . parah bgt. applikasinya pilih2 jaringan,1,False,bunga melati harum,Applikasinya susah dibuka
2024-02-28 02:54:32,Sangat baik dan berguna,5,False,SunntTari98,Komentar
2024-02-27 13:28:10,Namanya Digitalisasi itu verifikasinya tidak perlu ke dukcapil terdekat lagi.,2,False,Ronald Gollop,Digital Tapi Verifikasi Lokal
2024-02-26 04:38:00,"Kalau memang mau transisi ke digital, dipersiapkan duku aplikasinya se-reliable mungkin. Ini buka aplikasi aja lama banget, klik menu lain lama lagi, ah bikin males.
Tolong dievaluasi dong tim engineer nya, jangan nyusahin hajat banyak orang. Makasih.",1,False,sunatlaser,Aplikasi lemot parah
2024-02-25 03:01:10,"Nyesel downlod dulu, harusnya baca komen deh sblom download. Ini gprosedur haru datang ke dukcapil bukan online, tau kan kalo ngurus offline ke gimana lamanya . Buang buang waktu",1,False,ginzzzz0101,Ribet
2024-02-24 23:12:05,Sia sia duit pajak gua buat bayar aplikasi kayak begini,1,False,Hambxx,Forgot akun harus dateng ke kecamatan
2024-02-23 01:21:05,Pengajuan cetak ulang kartu keluarga tidak ada tindakan. Padahal sudah 1 bulan lebih,1,False,Akpirandi Akhmar,Gunanya apa
2024-02-12 02:34:47,kesalahan koneksi trussss kaga bisa masuk tolong perbaiki minâ€¦,3,False,mahrusaali,perbaiki!!!!
2024-02-22 22:57:12,"Emang verifikasi gak bisa via email, kok mesti scan QR code di disdukcapil?",1,False,cak onoy,Digitalisasi yang nanggung
2024-02-20 10:39:53,"Untuk iphone se, keypad yang muncul pada halaman ganti pin terpotong pada tombol nol sehingga tidak dapat memencet tombol nol (0). Akibatnya input pin yang benar tidak dapat dilakukan. Mohon perbaiki.",2,False,SilkATar,Keypad ganti pin bermasalah
2024-02-20 01:27:43,"App nya masih banyak kekurangan, salah satunya panduan untuk input Data tidak jelas khususnya Scan (Hanya stuck disitu aja).
Fungsi nya juga jelas mengarah kemana, yang ada kesan nya buang buang Uang negara ke pengembang yang tidak kompeten",1,False,Badiksng,Invalid
2024-02-19 13:49:31,"Nama doang elektronik tp sistem jadul, gak guna",1,False,App gak guna bgt,App gak guna
2024-02-19 01:04:11,KTP di gital tetep aja harus datang ke dekcapil,1,False,Mr. veng,Pengen elit tapi birokrasi sulit
2024-02-18 00:46:29,"Terobosan baru Sebagai identitas digital, tapi Tidak pernah ada sosialisasi, sistemnya belum siap dan belum singkron antar lembaga. Seperti pengurusan terkait perbankan yg harus ktp asli, digital tidak mau. Ada fitur pengajuan online yg nyatanya tidak jalan kemarin pengajuan sudah sampai 6 bulan belum selesai dan akhirnya Pengurusan tetap datang ke layanan loket dan sama saja.",1,False,SunriseOfJava,Fitur
2024-02-16 22:25:36,"Saya mau cetak KK susah amat, kenapa mesti harus ajukan permohonan cetak KK???? Tinggal cek di dokumen online kan bisa, tambahkan itu tombol unduh atau klik kanan save. Bodoh amat mempersulit pengguna.",1,False,BastantaVicario,Parah amat yg buat aplikasi
2024-02-15 06:45:57,"Aplikasi penyusah, yg seharus nya di permudah malah di persulit, sudah ada scan wajah kenapa harus ada barcode dari dukcapil lagi ? Ribet amat",1,False,JohnVodd,Penyusah
2024-02-14 02:30:44,Scan QR harus ke Dupcapil ? Ngapaaaain ? REPOT,1,False,bambaaang,GAK HERAN APLIKASI BUATAN PEMERINTAH !!!
2024-02-13 11:02:30,"Isi aplikasi nya keren, tapi daftar nya ke dukcapil juga mah sama aja, bisa dicari wayout lain biar full digital",1,False,Mrizkiakbar,Cari cara lain biar gk dtg ke dukcapil
2024-02-13 07:13:49,Digital harusnya mempermudah ya. Ini mau registrasi malah disuruh k dukcapil minta barcode. Buat apa coba,1,False,I Gusti Ngurah Yogi Swara,Keluhan
2024-02-12 04:55:11,appnya gabisa kebuka padahal sinyal saya lancar,1,False,resqilah,app gabisa terbuka
2024-02-07 00:09:19,"Apa2 serba ribet. Aplikasi lelet parah,,,korup korup",2,False,)?/)/$2,Blog goblok
2024-02-11 11:05:01,"Niat mau daftar, eh ada verifikasi dan validasi ke dukcapil. Batal daftar deh. Harusnya bisa metode lain seperti perbankan saat buka tabungan.",1,False,dodyagung,Harus verifikasi offline
2024-02-10 12:13:54,Kok gak scan e-ktp ny aja ya? Padahal kata ny dlu e-ktp pke teknologi jerman yg pke nfc ? Ini kok malah di suruh qr code minta ke petugas ğŸ¤£,1,False,engineersans,Scan qr
2024-02-10 08:27:58,"Aplikasi gak guna
Buat apa online klo masih harus scan QR verifikasi ke kantor? Kocak!!!ğŸ¤¦ğŸ»â€â™€ï¸",1,False,tuhhhjj,"Suruh QR kode ke sana, lah kata nya online?"
2024-02-10 07:48:37,"Lawak banget nih Aplikasi, katanya Online. Tapi tetap harus ke Dukcapil dulu cuma buat dapetin QR-CODE doangğŸ˜…. Masih lbh baik E-SIM. QR-CODE di kirim ke email. Makin gk jelas nih negara. Petingginya lawak semuağŸ˜…",1,False,Rahmat Ana,Negeri Lawak
2024-02-09 00:34:44,Aplikasi tdk dapat di akses,5,False,Awal fadli,M
2024-02-07 08:16:56,Ga bisa buka sama sekali memut terus,1,False,ali jaeni,Tolong
2024-02-03 11:16:24,"Untuk tipe iphone kecil (SE, 5S, 5 dst) UI untuk menekan pin tidak bisa dilakukan karna tidak muncul semua tombol nya, mohon perbaiaki developer nya",3,False,Agus39,Atur Ukuran UI PIN
2024-02-06 03:06:38,"Kenapa harus ke dukcapil buat dapat qr kode. Dan fungsi apa juga kalo kita daftarkan emailnya.
Simpel tapi di bikin ribet",1,False,Xsasixngd,"Qc code ke dukcapil, BUAT APA???????"
2024-01-23 01:39:50,"Kenapa beberapa minggu ini aplikasi gk bisa dibukaâ€¦? Udh diupgrade dab uninstal dan download lagi tetap g bisa dibuka,,,apakah ada gangguan,apa gmn?",3,False,pardisiregar,KTP
2024-01-31 09:49:04,"Sebagai masukan saja ya admin, sesuai kebanyakan yg sudah ditulis ulasan oleh teman2
Seharusnya klo sdh digitalisasi utk mendapatkan barcodenya bisa di kirim lewat email jdi tdk perlu lgi dtg ke kantor dukcapil setempat
Mhn maaf ya sya kasih bintang 1",1,False,Ogeb1,Identitas Kependudukan Digital
2024-01-31 03:52:52,Apanya yg mempermudah. Malah tambah sulit aplikasinya ampas tdk bsa kebuka,1,False,kelukelulo,Aplikasi tidak bisa di buka parah
2024-01-31 02:21:03,Jaringan lancar untk sosmed dan apk lainnya.. tp baru buka apk ini aja udh erorr mulu,1,False,RRPCTM,Erorrrrr
2024-01-29 11:30:31,"Proses implementasinya dengan pegawai pemerintahan juga kurang, masa sy sudah pindahkan ktp fisik ke digital, tetap saja saat mengurus sesuatu ke pemerintahan yang diminta fotokopi ktp/fisik nya, hadeh.",1,False,Juan Kahfi,Aplikasi seperti belum siap layak dipakai alias seadanya
2024-01-29 08:31:40,Pin dah bener namun salah kata aplikasinya; Masa gak ada menu reset pin; padahal ada email dan no hp yg diminta saat daftar; developer nya kurang cerdas sih,1,False,iwalakabar,Apliksi bodoh
2024-01-28 19:22:11,Ppppp,1,False,asu...!$7,"Apk babi,ga bisa di buka"
2024-01-27 10:20:18,"mohon maaf ğŸ™ apk ini tidak bisa di buka yah? 
 keterangan di apk pas di buka selalu coba lagi ,",5,False,ryu adika pratama,komplain
2024-01-25 02:35:08,Kalo mau bikin yang online petugasnya SDM nya di kasih tau jangan kudet aplikasinya aja ianvalid terus kocak,1,False,kocakgaming999,Kocak
2024-01-25 02:00:09,tolonggg ini kenapa tidak bisa dibuka aplikasinyaaaa gunanya ini aplikasi agar tidak mempersulit tapi ini malah kebalikannyaa,1,False,pp23466,.
2024-01-24 09:28:43,"Setelah daptar trus foto, minta scan QR, kukira dikirim ke email, eh ternyata dugaanku terlalu berlebihan",1,False,rodok ruwet,Buruk
2024-01-24 01:58:41,Aplikasi tidak bisa dibuka,1,False,yosep rizal,Aplikasi tidak bisa dibuka
2024-01-19 06:39:25,Kenapa di iPhone gk bisa foto saat foto keluar mulu gmnaa ini,3,False,Susi tara,Tidak bisa di gunakan pengguna iPhone iOS
2024-01-22 02:29:10,"jujur ini lebih ribet daripada yg dicetak, karena kita disuruh daftar saja di hp tapi gabisa dibuka apalagi untuk ios muter2 saja dan eror. dan ga semua orang punya hp. belum lagi kalo mau ngurus2 harus pakai ktp yg cetak, ribet sumpah. tolong dong perbaiki lagi sistemnya",1,False,Hei Miko,erorrrr
2024-01-18 00:27:43,Why? Whyyyy? Kenapa? Kenapa masih perlu ke dukcapil hanya untuk scan barcode?ğŸ˜­ğŸ˜­,1,False,reggithamartha,Menyedihkan
2024-01-17 05:29:42,katanya online tapi malah disuru dateng ke dukcakil ğŸ¤£,1,False,ulik jabri,udah enggak heran
2024-01-17 05:23:49,"Data keluarga di aplikasi yg muncul ga lengkap, masa istri gw kaga ada, kata petugasnya masih proses pindah, lah padahal ngurus pindahannya tahun 2019 ampe terbit KK fisiknya udh pindah wqwq",1,False,Qudthul,Data keluarga ga lengkap
2024-01-16 06:52:31,"Sudah ada IKD tapi di bandara, perbankan suruh ktp cetak, dikasi printout tetep gabisa, terus aplikasinya juga bodoh, giliran saat penting  lg dibandara, bank, servernya down capeeekk, buntuk di korupsi yaa kaya gini",1,False,Andra Mahardika,Aplikasi jelek namanya program pemerintah pasti gaada yang bener
2024-01-09 13:14:18,Kenapa untuk cek Biodata Lainnya hanya muncul â€œDokumen tidak tersedia/hak akses terbatasâ€,3,False,mipftah,Dokumen tidak tersedia
2024-01-11 09:43:12,"Aplikasinya perlu diperbaiki lagi, susah untuk loginâ€¦ğŸ˜®â€ğŸ’¨",2,False,Mude GZ,Perlu diperbaiki lagi
2024-01-05 02:51:22,"Belum semua daerah tahu IKD, apalagi Polisi dan Bank. Tolong prosesnya dipercepat.",3,False,Jeanâ€™s99,Keluhan
2024-01-08 06:03:02,"Sepertinya Dukcapil masih belum siap dengan sistem online. Pengurusan untuk pencetakan KTP masih harus memerlukan dokumen fisik berupa fotokopi KK. 
Bukankah petugasnya bisa akses data kita dari aplikasi? Masa lebih canggih kecamatan daripada dukcapilnya. SDM rendah tidak sejalan dengan inovasi digitalisasi yang dilakukan.",1,False,fzp_f,Tidak berfungsi Optimal
2024-01-08 04:21:17,â‚¬rror,1,False,richrobert,Aplikasi â‚¬rror
2024-01-07 10:01:22,"disyarat dan ketentuan kok ada tulisan 
'Negara Bagian'?
ini ori APK indonesia ???",1,False,ch4o5myth,Negara Bagian ?
2024-01-07 09:49:39,"Katanya online, tpi ujung2nya qr nya harus minta ke kantor",1,False,Lul.ung,Harus ke kantor juga
2024-01-07 07:53:45,"Sudan isi banyak data, kerjaan aplikasi ya cm muter aaja . Tidak bisa menampilkan apa yang diperintahkan sesuai yang Ada di menu",1,False,MehKittyz,Aplikasi yang buang want dan menyusahkan
2024-01-06 10:46:04,Masih bingung dengan negara bagian yang dimaksud dalam tnc,1,False,hprasetyou,Negara bagian
2024-01-06 06:09:15,"App sampah, buka dokumen kependudukan muterâ€ mulu",1,False,96619gjan,Sampah
2024-01-06 03:05:07,Kenapa masih perlu ofline sih? Kan KK ada QR nya? Apa gak bisa pakai QR kk saja?,1,False,Guz lo,App belum jadi?
2024-01-06 02:33:50,Untuk apa dibuat aplikasi digital kalau masih antri datang ke dukcapil..,1,False,Mr Sns,Apanya yg digital
2024-01-06 02:19:48,Instlal ikd koq hrs ke dukcapil nya ya buat dpt qr code soalnya ada kt lanjutkan tp ga bisa dklik,2,False,siok tju,Ikd
2024-01-05 16:46:41,"INOVASI YG PERLU BANYAK RENOVASI. Mau daftar harus didampingi petugas dukcapil, tidak praktis",1,False,yohanesph,Aplikasi Mobile phone yg tidak Mobile
2024-01-05 02:56:48,Apa pengertian â€˜onlineâ€™ gw yg salah ya??,1,False,Si Paling Online,Si Paling Online
2024-01-04 09:24:13,Mau log in malah memuat terus dan error padahal koneksi lancar huuuu,1,False,Andira17,ğŸ‘
2024-01-04 05:23:26,"Niatnya bagus digitalisasi, sudah buat akun Agustus lalu.. klo mau masuk gak muncul pilihan masuk/login tapi cuma ada pilihan daftar, ulang lagi isian nik email dan telepon. Verifikasi ulang balik lagi ke laman awal terus.. gitu aja terus berulang gak berhasil login. Plat merah perlu perbaikan.",1,False,webowwow,Niat elit enhancement sulit
2024-01-03 15:14:01,"Kalau mau beralih ke digitalisasi perbaiki dulu sistemnya, masa online tapi harus datang juga ke dukcapil. Yang bener ajalah. Kalau kerja jangan setengah-setengah.",1,False,Doto77,Sistem cacat
2024-01-03 07:35:10,Tolong support untuk iphone 8 dan 10...dan kalau bisa semua hp...aplikasi whatsaap saja masih bisa di semua hp...apalagi ikd untuk kepentingan umum...tolong di permudah..tolong support semua hp...bisa asal mau....terimah kasih,1,False,Karan's76,Iphone 8 dan iphone 10
2024-01-02 16:22:51,"bagi pengguna iphone selalu tidak bisa terhubung ke internet ketika proses verifikasi data, bukan hanya saya saja, tetapi pengguna iphone yang juga mengatakan hal yang sama kepada saya, tolong diperbaiki kendala ini",1,False,abingdikara,kendala verifikasi data
2023-12-30 11:12:52,"Ujung-ujungnya harus datang juga ke Dukcapil. Hadeuuhh, ngga efisien. Digitalisasi setengah-setengah",3,False,fiansulyana,Setengah digital setengah hantu
2024-01-02 14:05:04,"Udah dibelain jauh2 ke dukcapil mnta barcode, tapi dipake buka dokumen gak bisa udah 1minggu. petugas blng diandroid lancar. tp di ios kok kayak gak support",1,False,Aji60,Tidak Berguna
2024-01-02 09:09:45,Baru mau masuk aja ga bisa. â€œTerjadi kesalahan koneksiâ€ pdhal dibuat buka aplikasi lain lancar2 saja. Sudah sya coba dengan 2 device sama saja.,1,False,Nsa-11,Error
2024-01-02 06:00:14,Eror mulu gabisa masuk padahal signal ok,1,False,Jtmqw,"Eror mulu, gabisa masuk"
2024-01-02 05:37:54,"Katenye dijitel masih suruh scan QR di dukcapil, udah dateng ke dulcapil katanya sistemnya error gak bisa verifikasi, app kadang gak bisa dibuka katanya terjadi kesalahan koneksi padahal internet lancar",1,False,irwan bn,Hadehhh
2024-01-02 04:47:01,"Speed di hape gw 90 MBPS tapi terus2an gak bisa di-load aplikasinya, katanya kesalahan koneksi. Lo aja kali yang pada gak bisa bikin app bener. Trus apa gunanya si abis bikin ini rakyat masih harus dateng ke kantor fisik buat dapetin kode QR? Tolol banget sumpah, ini beneran devs nya bikin ini biar dapet budget anggaran trus dikorupsi aja yak? Man go to hell.",1,False,Sayaajahdehah,Biar budget negara bisa dikorupsi yak?
2024-01-02 03:37:23,Aplikasi tidak bisa di buka walau pakai wifi jaringan losdol tetep gagalâ€¦ perlu di perbaiki aplikasi ini supaya bisa di buka,1,False,Dwihermanto,Aplikasi  belum siap
2024-01-02 03:21:01,memuat mulu gimana ni gabisa di buka,2,False,power ranger merah muda,eror
2024-01-02 03:20:54,"aplikasi nampak nya kurang support ke ios.
download berhasil pas di buka ga bisa",1,False,obusatria,Aplikasi belum Baik
2024-01-01 23:56:21,"Baru download, begitu buka keluar notif tidak ada koneksi internetâ€¦ gini kalo SDM hasil KKN disuruh ngurusin rakyat, gak becus..!!",1,False,iPandi93,Busuk
2024-01-01 23:40:21,"Aplikasi g bisa dibuka, tulisannya terjadi kesalaham koneksi. Padahal koneksi lancar jaya. Ini kenapa dah eror begini. Di amdroid istri saya lancar kenapa di ios jelek banget?",1,False,Yanuar Deny P,Aplikasi g bisa dibuka
2024-01-01 23:12:10,min ko gabisa dibuka ya apknya,2,False,aexora_,masalah
2024-01-01 23:00:57,Setiap mau login keterangannya â€œTerjadi kesalahan koneksiâ€ padahal koneksi internet lancar buka aplikasi lain lancar. Harusnya ini aplikasi mempermudah bukan mempersulit,1,False,S3bl1tz,Gagal Login
2024-01-01 16:41:46,"Baru install. Aplikasi gak bisa dibuka, kesalahan network. Kalau belum bisa digunakan, mestinya jangan dipublish..",1,False,BW Kezy,Aplikasi gak guna
2024-01-01 14:39:57,"Kadang susah di buka apps nya, harus ke dukcapil, ayolah ini udh terhubung dengan KK, eKTP, email juga masak harus ke dukcapil. Padahal bisa QR dikirim ke email buat kita scan ğŸ¥¹",1,False,Aku adalah raja,MASIH SULIT
2024-01-01 12:24:25,Benerin dlu app nya,1,False,di perbarui lagi,LOADING LAMA
2024-01-01 12:06:15,aplikasi yg harusnya memudahkan ini mau masuk aja ga bisa bisa. kenapa sih aplikasi penting kayak gini dibuat asal asalan??,1,False,APALAH INI GA MEMBANTU,SO BAD JELEK BGT
2024-01-01 10:53:17,"Aplikasi tidak bisa jalan, terjadi kesalahan. Apakah ada solusi ?",1,False,subenn,Aplikasi â€œTerjadi Kesalahanâ€
2023-12-31 17:00:10,"Saya tidak bisa masuk ke dalam aplikasinya, hanya memuat ulang dan selalu coba lagi nanti. Bagaimana untuk solusinya yaâ€¦ saya sudah coba berkali - kali",2,False,Lydut,Pengguna IOS
2023-12-30 23:20:16,"The app didnâ€™t work on my iOS. Once you download it, it keeps loading.",1,False,Opifia,Apps didnâ€™t work
2023-12-30 00:14:22,"Masih terdapat kendala di dokumen yang mana koneksi internet lancar namun loading lama dan gagal, sudah dicoba beberapa kali namun tetap sama, harus segera diperbaiki",2,False,cecep8,Rex
2023-12-30 08:37:27,"Bagus banget,, KTP, KK, KIA dan akte lahir anak semua ada dalam satu aplikasi,,, tolong tingkatkan lagi min,, masukkan juga Dokumen dokumen yg lainnya seperti NPWP, BPJS, biar makin mantapp",5,False,De Nal,Dokumen Kependudukan dalam 1 aplikasi
2023-12-30 04:46:56,"Urusan Aplikasi Bank BUMN sama Pemerintahan selalu aja kentang, ini yg ngasih review nya biar bagus ternyata orang2 Dukcapil juga ternyata, pembodohan yg luar biasa â˜ğŸ»ğŸ‘ğŸ»ğŸ‘ğŸ»",1,False,Nnnnnnnnnnmnnnnnnnnnnona,Apps Kentang
2023-12-29 15:44:12,Gmna nih min kok saya gk bisa msuk kepalikasiny?,2,False,Gitaaat,Susah login
2023-12-29 16:54:32,"Applikasi tidak sesuai nama nya digital, sehingga tidak berguna",1,False,WA Web issue,Harus ke dukcapil :(
2023-12-21 16:59:02,"Gabisa buka dokumen nih,jadi ga bisa liat ktpnya",2,False,Muhamad akbarudin,Terjadi kesalahan
2023-12-29 05:22:55,Apliaksi tidak bisa di akses busuk banget,1,False,L1448;)?.:,N
2023-12-28 05:12:08,Katanya online kenapa harus ke dukcapil,1,False,Keymal888,Aplikasi tidak berfaedah
2023-12-28 04:26:38,"Admin tolong bantuanya,saya tidak bisa membuka dokumen,tolong dipercepat admin sistemnya",1,False,vania rahma putry,Tidak bisa buka dokumen
2023-12-27 09:05:07,"Aplikasi Zonk, tetep harus ke kantor disdukcapil...
mempermudah = tidak perlu datang ke kantor disdukcapil",1,False,Farhan Hidayat Wahid,Aplikasi Zonk
2023-12-27 07:21:22,Ga guna banget! era digital malah harus repot2 ke kantor Dukcapil lagi demi scan QR token.,1,False,Yosh Revadh,"SEJAUH INI, INI APLIKASI PEMERINTAHAN YANG PALING TERSAMPAH!"
2023-12-27 04:27:15,Muter muter doang aplikasi parah,1,False,Riyan Sufiyanto,Aplikasi OON
2023-12-27 03:54:56,ga abis pikir sistem digitalisasi tp msih hrs dtg juga ke dukcapil.. otak mana otakkkkkk... khan bs sudah registrasi kirim ke email barcode nya *inginkuberkatakasar,1,False,hirooooo16888,ga guna bgt ini aplikasi
2023-12-26 11:27:38,"Mau digital elit
Mau QR sulit
ğŸ¤£ğŸ¤£ğŸ¤£",1,False,Hi Elit,Ribet
2023-12-25 19:55:25,"Izin bertanya, masih harus tetap ke dukcapil ya? Kirain sudah bisa langsung online",5,False,BukanWNA,Pertanyaan
2023-12-25 14:59:31,"Gak jelas banget terakhir buka pin nya 4 digit ( masih inget jelas ) sering di pake kalau di perlukan. 
Sekarang mau buka tiba tiba 6 digit 
Itu bukan lupa kata Sandi , tapi ada scam Pemindahan data!!! Ga jelas banget !!!!",1,False,Gggggtzzza,Tiba tiba pin 6 digit
2023-12-21 15:25:06,Maaf knpa dari tdik pagi sampai sekarang gk bisa kebuka kak aplikasinya padahal saya mau cetak ktp yg baru .. tapi gak bisa mohon bantuanya gima kakğŸ™,2,False,rosmina anisa,Gk mau kebuka kak aplikasinya
2023-12-18 02:56:45,Sukses ini aplikasi. Bagus.,5,False,ibnu anwar,Alhamdulillah Beres
2023-12-19 23:46:46,"Aplikasi nya muter2 trus boro2 masuk ke dalem aplikasinya, hadehhh",1,False,Artupas11,Review Jujur
2023-12-17 06:36:19,"Ga ngerti lagi apa fungsi app ini kalo ga bisa di buka selalu dengan notifikasi terjadi kesalahan koneksi . 

ğŸ¤¬ğŸ¤¯ ga ngerti lagi dengan kualitas pejabat2 negeri ini / otaknya pasti duit dan duit tapi pelayanan ke masyarakat ( ZONG ) .",1,False,NicholasDtu,Aplikasi paling tolol di Smart phone  buatan negeri
2023-12-15 09:19:45,Hah? Ini apa? Aplikasi pemerintah? Dan pemerintah nyalahin anak bangsa karena gak mau ngembangin digitalisasi??? Serius???,3,False,Bukan Sahal,Hah???
2023-12-16 09:52:22,"Merasakan fasilitas saja belum aplikasi sudah tidak bisa dibuka, dan hanya muter muter loadingnya. Mohon untuk dibenahi supaya bisa dinikmati fasilitasnya ğŸ™",1,False,Andy301q,Konplain
2023-12-16 00:54:29,Digital sih digital tapi perlu ke Disdukcapil lagi untuk pendampingan dan pemberian QRcode,1,False,Jalak Bali,Tidak efisien
2023-12-15 12:20:16,Tambahkan menu untuk download file dokumennya donk. Kaya KK masa ga bisa di download untuk di print sendiri,1,False,Deddy Supangat,Tidak download
2023-12-15 10:06:51,"Apk ngontol. Dah keluar diapus, giliran mau donlot disuruh ke dukcapil. Asu lh padahal udah pernah kesitu",1,False,zeidelnaufal,Ngontol
2023-12-11 14:56:44,"Dokumen tidak bisa dibuka , pdhl sy yakin jaringan sdh bagus . Sdh cb login ke device andro ttp ngga bs di buka , tlong dnk diperbaiki .
Harus nya siap luncur ya apk sdh bagus dnk ya",3,False,Dibalik kata,Dokumen eror
2023-12-15 03:24:10,Mau install bikin id digital kok liat review verifikasi QR malah harus ke dukcapil kalah sama beli Esim telekomunikasi tinggal scan udh nomor keinstall makanya pekerjaan orang IT yg handal klo mau ke digital jangan asal comot orang jadikan ASN,1,False,izal21,buang waktu
2023-12-14 19:39:36,"Dasar indonesia gak jelas, ktp digital lah ktp online lah.. ujung ujungnya disuruh dateng ke dinas kependudukan buat scan qr code.. kalo belom siap ke masa digital mending ga usah banyak gaya. Siapa yang mau dateng jauh2 buat qr code doang? Makasih pemerintah wacana kalian ga berguna",1,False,Indonesiamundur,Males ngurusnya
2023-12-14 15:52:00,Ini udah bberpa bulan di luncurkan tapi masih itu2 aja fiturnya ya? Apakah aplikasinya sudah tidal digunakan/berfungsi?,2,False,Muhammad sopian tsauri,Kegunaan aplikasi ini?
2023-12-13 15:39:21,"Memang semua aplikasi yg dibuat lembaga pemerintah selalu fail, padahal anggarannya wow. Nyari developernya murah biar anggarannya fokus buat sosialisi, koordinasi, pengembangan, peningkatan, dan pemberdayaan. Dan perjalanan dinas",1,False,zakyarr,ğŸ˜
2023-12-13 12:56:52,"tolong donk ini gmn sistemnya?. pilihan masuk cuma daftar doang. 
padahal sudah registrasi di bagian IKD disdukcapil kota saya.",1,False,arinprayitno,Sudah registrasi ke disdukcapil tp pas bsknya mau login masa disuruh register lagi
2023-12-13 00:59:41,Admin tolong saya perlu bgt uda coba berkali dokumennya gak mau terbuka uda coba di hp ini itu juga,2,False,Akhlaal,Dokumen tidak mau terbuka
2023-12-12 14:51:00,"Kualitas IT nya receh nih, lawak suruh ke dukcapil juga. Belajar ke bank sono!",1,False,bejo telo,LAWAK
2023-12-12 12:18:45,Ngapain harus aktivasi ke capil lagi sih? Hadeeeh,1,False,rizalefri,Ribet
2023-12-12 06:09:50,"Min, harap bantuan untuk membuka dokumen, mengapa tidak dapat membuka dokumen nya ğŸ¥º",1,False,kallabo,Tidak dapat membuka dokumen
2023-12-12 01:45:20,Harus kekantor dukcapil jugaâ€¦ online koq ribet..,1,False,H4nK,Online2an
2023-12-12 01:14:12,Tidak membantu,1,False,g4jsbdjslwkasbajao,Elektronik tapi disuruh ke dukcapil cuma buat dapetin code
2023-12-09 06:06:37,"Kalau digital harusnya tidak perlu ke kantor dukcapil lagi, proses bisnis dari tahap verivikasi harus dikembangkan sehingga verivikasi dapat dilakukan lewat online dan tidak harus datang ke kantor dukcapil.
Saya rasa dengan anggaran yang tersedia tidak mustahil membuat sistem seperti itu.. semoga bisa cepat dikembangkanğŸ™",1,False,anommahartha,Harus Dikembangkan lagi
2023-12-09 02:05:25,"Ini online tp qr code validasi nya tetep datang ke dukcapil,,klo bisa susah ngapain dipermudah yaakss ğŸ¤£ğŸ¤£ğŸ¤£",1,False,Paparayz,QR code nya di dukcapil
2023-12-09 01:46:55,"Ini kode QR nya buat daftar harus minta ke petugas dukcapil ğŸ˜‚ğŸ˜‚ğŸ˜‚ğŸ˜‚ğŸ˜‚ , percuma dong digital tapi harus ke kantor dukcapilnya ğŸ¤£ğŸ¤£ğŸ¤£ğŸ¤£",1,False,sachio21,Lucu ğŸ˜‚
2023-11-23 06:52:44,Pengajuan pindah tidak bisa diajukan oleh kepala keluarga,3,False,Ard.1,Kepala keluarga tidak bisa pindah
2023-12-08 21:12:51,haha harus ke disdukcapil buat scan QR? haha lucu banget orang-orang pemerintah ini,1,False,guruhrang,Pemerintah Bodoh
2023-12-08 08:52:19,"Aplikasi kayak gini kalah sama pinjol dalam verifikasi data ğŸ˜‚ harus ke disdukcapil buat scan QR, pas scan error malah gk bisa wkwk lucu sih duit triliunan dana negara kalau ngehasilin aplikasi sampah kayak gini. Nanti ujung2nya kena hack lagi data kita disebar di dark web njirr sekelas negara gk bisa lindungin data pribadi warga pantes kagak ada uu perlindungan data kalian takut dituntut sama seluruh warga indonesia kayaknya.",1,False,r.gugu,TUTORIAL MEMPERSULIT HIDUP WARGA
2023-12-07 09:01:17,"Kalo lupa pin, cara gantinya gimana ??",2,False,1cnk,Lupa
2023-12-07 07:59:24,"Katanya sih sudah bisa Online tapi harus dateng, sedih sekali, ke banyakan korupsi kali ya. Ribet",1,False,ekoglh,Banyakan canda
2023-12-07 04:38:37,"Ternyata IOS blm bs buka bagian dokumen. Error terus. 

Tolong di update/perbaiki min",4,False,abamss,IOS belum bisa klik bagian Dokumen
2023-12-06 03:26:32,aplikasi bego lemot bgt,1,False,cxnxja,lol
2023-12-04 06:41:45,tolong buat kepemerintahan kenapa saya buka dokume gabisa tolong gunain anggaran dari pemerintah untuk membuat aplikasi yang bisa digunakan dengan baik,1,False,hendra34,eror
2023-12-04 05:55:31,"Cari di berita2 cek kk dan akta kini bisa online dari rumah, ternyata harus datang ke disduknya, aneh tapi nyata namanya digital tapi manual, kan qr bisa dikirim ke email, ini malah dikirim ke petugas di disduk, terus nanti yang datang bisa ratusan, suruh ngantri seharian, atau nanti balik lagi dua minggu kemudian",1,False,Oteweh,Katanya digital nyatanya manual
2023-12-04 05:02:49,"Buat apa laket ktp digital kalo buka dokumen aja ga bisa tolong lah admin, sudah sebulan ga bisa buka dokumen ini jadi saya mau ke bandara gimana ini haduh gimana kinerja pemerintah ini kok di buat online malah jadi kaya gini tolong di respon",1,False,Masalah12,Tidak bisa buka dokumen
2023-12-01 17:58:49,tidak ada menu lupa pin ato reset pin,1,False,rizal.ars,lupa pin
2023-12-01 08:44:03,hmm rada janggal knapa QR codenya harus discan secara FISIK di duscakpil.. btw bukannya QR code (atau apapun bentuk verifikasinya) bs tinggal dikirimkan ke email yg sdh disubmit saat daftar,1,False,Firman Ardi,Barangsiapa memudahkan orang lain â€¦
2023-11-28 08:44:31,"Gini nih latah apa2 dibikin digital pdhl belum cukup ilmunya. Daftar dari 2 minggu lalu sampai sekarang dokumen ga bisa dibuka, loading terus. Magabut banget ini develeopernya",2,False,diendaniel,Dokumen tidak bisa dibuka
2023-11-27 12:55:20,Buka dokumen error terus gagal terus loading mulu padahal internet lancar wifi dan data,1,False,pirmen,Error
2023-11-27 10:01:25,Keluar aplikasi saat sampi ke swa foto udah dicoba berkali kali tetep sama,1,False,EMD DEE,Selalu keluar applikasi waktu Swa foto
2023-11-24 05:23:58,"kenapa ya min dokumen kependudukan saya kok loding eror terus, mohon bantuanya min",2,False,debbaokta,dokumen eror
2023-11-18 06:21:04,"Ketika semua diminta untuk digital, tetapi ketika daftar tetap hrs ke dukcapil untuk scan QR code. WHY?!",1,False,Godanielcroz,Logical Problem design
2023-11-18 04:16:51,"Kirain beneran online masa tetep harus dtg langsung dulu, kirain appsnya udah berubah, developernya jg gak dpt dana lagi yah untuk ngembangin ni aplikasi, gini2 mulu sepertinya, padahal udah byk yg komplen, yah typical pemerintah di indo lah terlalu cuek dan nyepelein",1,False,Dessochan,Apps gak guna
2023-11-13 04:56:45,kek mana harus ke dukcapil lagi lahh hadehh kacau lahh...,1,False,bons29,KATANYA ELEKTRONIK/DIGITAL
2023-11-12 03:54:31,"Drtd coba login aj ga masuk2, aplikasi apa ini",1,False,Novakw,Ribet
2023-11-09 05:44:31,"Mohon info, cara mengambil gambar KTP di aplikasi ini bagaimana ya? Saya perlu mengupload KTP utk keperluan pekerjaan, namun di tombol Bagikan hanya muncul QR Code. Lalu jika di tombol Lihat, KTP muncul namun saat di screenshot tampilannya berwarna hitam. nuwun",3,False,KenaJebakanBetmen,Cara mengambil gambar KTP?
2023-11-09 17:17:13,"blanko abis
suru chat official wa 
di chat centang 1 doang
orang nembak pake duit blanko jadi ada
di suru pake aplikasi
loading mulu
gaada tindakan dari dev
kerja kalean ngapain ?
ongkangâ€ kaki sambil merokok doang ?
kerja setengah hari
perkara telat ambil ktp aja seribet ini
udah s&k ribet",1,False,Babayaga_28,RIBET DI NEGARA SENDIRI
2023-10-23 10:08:30,"tolong diperbaiki , aplikasi force close saat klik Ambil Foto ... iphone xs max versi iOS 16.4.1",3,False,Berry Mubarak,Force Close Iphone XS MAx ios 16.4
2023-11-08 07:35:16,"Aplikasi e ktp mantap,,,,",5,False,steven_raze,Mantap
2023-11-07 04:02:20,"Hanya untuk mendaftar saja sulit, padahal keperluan saya hanya untuk mengganti KTP elektronik yang sudan rusak. Beberapa kali saya coba dikelurahan tetapi gagal, hanya padahal hanya untuk sekedar scan QR code.",1,False,heri.ryono,Applikasi tidak berguna
2023-11-06 20:02:45,"Mohon min ambil tindakan untuk pengembangan, gini gini terus perasaan",2,False,666babu,Dokumen kesalahan terus
2023-11-02 10:12:15,"online tapi kedukcapil juga, lawak banget",2,False,Muhammadfaiz,online??
2023-11-01 14:54:44,ğŸ˜¤,4,False,Ninja putih,ğŸ˜®
2023-10-30 04:23:38,"Aplikasi onlin ditujukan agar mempermudah, ini malah mempersulit. Saran aja ya untuk yg buat flow chart aplikasi ini, kenapa scan qr untuk verfikasi harus ke kantor lagi untuk scan qr kan bisa kirim email ya atau bisa kirim kode verfikasi gitu ke no hp. Gitu aja kok repot",1,False,beamantara,Ribet
2023-10-29 13:25:12,dukcapil prima,5,False,zahratul afiqah,dukcapil prima
2023-10-22 01:59:38,"Udah beberapa kali dan beberapa hari mau daftar dan cantumin nomer hp, nunggu kode verif nya gak kunjung dateng. Jadi gak kepake deh ini app",2,False,4393033,Gak dapet kode verif
2023-10-05 14:36:23,Saya lupa pin untuk mengurus ktp saya gimana ya,5,False,agil asmara,Lupa pin
2023-10-21 15:58:01,Tidak Bisa Buka Dokumen Kependudukan,1,False,Chris Juli Anto,BUG
2023-10-14 15:43:07,tidak muncul apa2,1,False,kontolllodon,tidak bisa digunakan
2023-10-14 09:34:34,"Masih banyak Bugs dalam aplikasi ini, jauh dari layak diterapkan (launched) karena ditemukan banyak warga negara yang antusias penyambut aplikasi IKD ini dan ternyata tidak bisa dibuka aplikasinya terutama FOLDER DOCUMENT
akan terlihat loading terus dan tidak tahu sampai kapan bisa masuk, ini anggapaan awak server sibuk banyak yang masuk tapi jika sudah lebih dari sehari seharusnya bukan lagi karena kesibukan karena server",1,False,liemuel,Aplikasi seharusnya diuji dulu sebelum di launch
2023-10-11 03:00:08,Masa iya cuma daftar ke apps harus ke dukcapil scan QR...lalu apa gunanya ni aplikasi..?,1,False,Faustinusyordan,APA MANFAATNYA ?
2023-10-01 00:54:58,"Lanjutkan proses digitalisasi, males bawa dompet tebel, harus datang ke dukcapil atau kelurahan kl jakarta, ya harusnya emang gitu, tp bisa jg dgn hanya input e ktp dan KK, kan kl e ktp salah dan gak ngelink ke data dukcapil gak bisa, dan kl dah di input orang lain maka eror gak bisa masuk dan harus ke dukcapil.",5,False,Artonpower,Mantaaab..
2023-10-03 08:43:09,Ini aplikasi gunanya apa ya ? Serius nanya. Hahahah,1,False,Ldiwy,Fungaj
2023-09-25 05:00:19,Sangat baik dan memudahkan,5,False,NurğŸŒˆ,Identitas kependudukan
2023-09-24 14:01:15,"Pembodohan Publik , yg katanya online harus datang.ğŸ«£ğŸ¤­ğŸ¤£",1,False,lurah kebon kosong.,Gajelas
2023-09-05 04:13:40,"Sudah bisa login, sudah ganti password. Tapi sudah 48 jam belum bisa masuk ke Dokumen. Padahal KTP & KK ada di sini.",3,False,Sijagoanmeong,Bermasalah
2023-09-22 02:52:37,"Aplikasinya Error terus.
Belum juga daftarin PIN tapi sudah ditanya kode pin nya apa?? Bagaimana bisa login?? Aneh",1,False,Pertarungan,PIN nya apa?
2023-09-22 02:27:40,"Dear admin
Apakah Dukcapil bisa di wilayah mana saja? Kebetulan saya KTP Kota Medan yg saat ini sudah berdomisili di Kota Depok. Apakah saya bisa datang ke Dukcapil Depok atau harus ke Dukcapil Kota Medan?",5,False,Kenzo Keenan,Wilayah Dukcapil
2023-09-21 17:42:53,"Mungkin tampilan UI nya diperbagus lagi deh, apalagi ini â€œidentitas digitalâ€. Sekelas sebelah kesehatan mobile jkn aja bagus. Ini biasa aja.",4,False,Ourskyy,Identitas Kependudukn Digital
2023-09-21 11:53:53,"perlu segera di tingkatkan respons aplikasi terhadap kebutuhan akses data kependudukan dan pengajuan pelayanan. layanan integrasi big data dengan bpjs, kpu, operator seluler dll jg agar segera bisa di hadirkan agar menjadi 1 super apps utk data diri dan keluarga",4,False,fort_hans,perlu di tingkatkan respons aplikasi
2023-09-21 05:46:34,Woy gmana ini aplikasinya gk bisa liat ktp gua mau scan ktp gmana ini !!!!,1,False,Dika manggong,Cpns
2023-09-20 06:30:25,ğŸ˜©ğŸ˜©ğŸ˜©ğŸ˜©ğŸ˜©,2,False,085281081056,Lama puol verifikasinya
2023-09-19 06:44:51,terimakasih disdukcapil muba,5,False,putri lais,ikd
2023-09-16 09:36:57,"Cuma bisa dibuka setelah aktivasi di capil
Hari hari berikutnya gabisa dibuka, kesalahan koneksi padahal buka aplikasi lain sinyal lancar.",1,False,male ooh hafshsksbshh,Gagal
2023-09-15 17:03:21,Sudah bagus digital tapi kode QRnya harus ke capil juga ğŸ™‚,1,False,Roy_alfarizi,Qr sulit
2023-09-13 10:47:42,"Dukcapil usul dong, registrasi sim card GSM. kan menggunakan NIK dari data dukcapil, tampilkan dong data no handphone yang menggunakan NIK di salah satu menu nya. Jadi pemilik NIK tau data nya di gunakan oleh provider telekomunikasi. Baru paten",5,False,Alfred Tascha,Registrasi Sim Card
2023-09-08 17:41:41,Makin ribet udh benerâ€ Ktp elektronik segala pake digital mana udh bolak balik ke bank bca mau bikin gbsa lagi,2,False,Rendiuji,Wkwk
2023-09-08 07:24:36,"Kacau ini aplikasi , bukan digital ini , ANALOG ini mah , mesti ke kantor lagi , padahal tau sendiri lah birokrasi di negara ini ribet",1,False,Padohu,Aplikasi wakanda
2023-09-05 10:51:19,"Wkwkwkwk, jangan install deh. Harus datang ke dukcapil. Ternyata masih merepotkan. 
Ngga cocok lah kalau untuk orang yg kerja harus ke dukcapil pas hari kerja.
Huffff",1,False,andre.soeg,"Katanya online, ternyata......sampah"
2023-09-01 06:44:19,"Aplikasi sudah bagus
Saya Coba fitur mengubah golongan dari di KK yang asalnya TIDAK TAHU menjadi AB. Sudah seminggu lebih status masih PROSES PERUBAHAN, padahal untuk mengubah Golongan darah tak diperlukan dokumen apapun
Bagaimana ini petugas admin nya ?
Mungkin saja terlalu banyak pekerjaan",4,False,Kartono Faqih,Proses perubahan terlalu lama
2023-09-04 03:13:18,ribet kwkw,1,False,jritbsnshs,apk apani
2023-08-30 06:25:04,"Dapet undangan utk dateng ke kelurahan, tadinya bingung kok download aplikasi aja pake harus ke kantoe kelurahan, eh ternyata pas nyoba harusnpake scan QR oh emang harus dateng undangan huft",4,False,Zenita Asharon,Kurang efisien
2023-08-25 04:22:54,"Sngat mmbantu, lbih praktis",5,False,stavitagrace,Apk identitas dukcapil
2023-08-29 04:39:35,"Barusan nyoba dengan harapan bisa ngecek tanpa harus ke dukcapil, pas abis verifikasi foto lah kokk??? Scar QR yg diberikan petugas dukcapil ????? Ga online dong ini namanyaa",1,False,Volettaaa,Digitalisasi tapi ga digital
2023-08-29 03:32:51,"Eh ini ga bisa di download trus klo mau fotokopi ktp gmn anjirrr gjls bngt dah pemerintah bikin aplikasi tapi ga ada kegunaan gini, mending kaya dulu dah goblokk",1,False,Ramilazilgidhan,Ga jelas anjir
2023-08-22 14:04:32,Min untuk data ktp dan KK tidak bisa di download jadi pdf yah ?,3,False,Wahyu1233838,A
2023-08-24 08:09:48,mboh mumet ndasku,1,False,xxnxxnxxnxxnxxnxxx,karepmu
2023-08-24 02:20:48,"Pas regis pertama, email kenapa musti masukin 2 kali untuk apa keperluannya kalo password sih untuk double confirm ya biar bener2 valid, ini baru regis loh, apalagi dalemnya lebih rusak lagi

Ngabisin anggaran doang, tapi orang yang executenya gak kompeten",1,False,Abadhend,Re-enter email
2023-08-14 10:35:51,gila ya. ketikannya pada gak dijaga semua. dikasih kemudahan malah banyak komentarnya. gitu gitu kalian juga butuh orang yg kerja di dukcapil gausah ngata ngatain. pada gak disekolahin tu mulut?,5,False,sartika putri,-
2023-08-20 03:20:16,"Kenapa ya setiap aplikasi pemerintah itu gak ada yg bener2 di seriusin gitu, gembar gembor online , ahir nya di biarkan , mana ada peningkatan aplikasi ataupun fitur nya, bahkan sebagian fitu gak fungsi ğŸ¤¦â€â™‚ï¸",1,False,Aden siroj,Nol
2023-08-17 13:55:25,"KTP elektronik tapi masih fotocopy sana sini KTP Digital tapi masih harus ke Dukcapil Dokumen kependudukan bisa cetak sendiri, tapi Masih harus ke kelurahan/dukcapil L.A.W.A.K ğŸ˜Š",1,False,Josibxcanv,TIDAK DIGITAL SAMA SEKALI
2023-08-17 09:20:32,sorry gw kerja! Gak ada waktu buat ke dukcapilğŸ‘ğŸ»,1,False,robertscipio,RIBET!! Ini mah bukan onlineğŸ˜‚
2023-08-16 09:44:39,Perlu ditingkatkan manfaatnya krn blm bisa dibyk tempat. Masi diminta fisik,1,False,stevencom,Manfaatnya
2023-08-16 08:56:46,Emang QRnya gak bisa digenerate by system aja ? ğŸ¤£,1,False,Dhika77,QR OTS
2023-08-15 06:15:48,Katanya digital? Masa harus dateng ke dukcapil? kocak! Gak heran sih paling anggarannya udah abis dimakan sama oknum pejabatnya haha,1,False,shofwanfahma,Tidak efisien
2023-08-14 23:01:18,"bobrok banget sistemnya, emang gajelas semua
pemerintahh",1,False,Dukcapil kocak,t*olol
2023-08-14 12:20:34,lawak bgt katanya online tapi tetep kudu ke kantor banyakin korupsi aja lu padah,1,False,tege.id,Aplikasi Ga Jelas
2023-08-14 08:47:29,"Mau registrasi, eh disuruh scan QR yg diberikan petugas dukcapil.. mesti dateng dong? Buat apee online kalau gitu? Hadehhh",1,False,gunawanchris,Lawak
2023-08-14 05:19:52,Aplikasi pemerindah dengan dana besar dari uang rakyatâ€¦. Kok gini? Sampah banget,1,False,Tri Wi,Sangat Amatiran
2023-08-14 01:11:17,"saya download ktp online ini karena males ke disdukcapil yg pelayanannya parah antri lama, mau marah saja eh malah regisnya kesono",1,False,ridhokrnwn,Datang ke capil
2023-08-13 16:59:10,"Semua keluhan samaâ€¦
Judulnya aja DIGITAL..
Tetep juga di sruh dateng ke dukcapil.ğŸ¥µ
(Cuma buat scan barcode)
Ntar di sana sruh nunggu lagi???
Kalian semua sok sibuk.!!!",1,False,ptyo23,Lol
2023-08-13 15:26:10,"Apa gunanya email, sama nomor hp kalo tetep verifikasi pake ke dukcapil dulu scan QRCode wahai Pejabat yg terhormat? Email di input 2x, no hp 2x tujuannya supaya tdk salah inputkan? Terus kalo sudah pasti tdk salah input kenapa tdk dikirim ke sana verifikasinya? Kalo harus ke dukcapil ngantri lg, ntar cetak ulang juga harus ngambil lg ke sana. Terus apa bedanya? Nambah2in aplikasi gak mutu doang di hp.",1,False,SultanOthers,Tujuannya ngambang
2023-08-13 10:13:16,"Kalau emang mau online, jangan harus ke dukcapil lah wkwk. Kan bisa verifikasi online gitu sekarang. entah itu scan ktp dll wkwk. hadeeh",1,False,RendraPrimaYoga,Daftar nya Harus Ke dukcapil!! Hadeeeh
2023-08-09 13:26:02,Ngga bisa registrasi,1,False,didotjkt,Fix it
2023-08-02 14:10:59,"Online tapi suruh ke Dukcapil lagi, haduh! Gak mutu! Kalo online ya online, kan yang sudah punya eKTP datanya sudah terekam di Dukcapil. Ngapain juga harus datang verifikasi. Guobl*k tenan! Emang gak bisa matching database yang udah ada? Apa artinya eKTP?",1,False,Bee Mac,Memang senang mempersulit! Parah sih!
2023-07-21 05:22:40,"Awas lu pada kl sampe data bocor lagi. Segala macem suru digital, pk aplikasi, eh kaga dijaga. Diacak2 hacker, dijual di black market",3,False,tyasukamto,Data jangan bocor
2023-07-31 03:22:09,"bikin pelayanan online tapi mesti datang ke kentornya juga buat scan barcode, gunanya online apa tol*l?",1,False,Harplay,"Jangan di install, percuma"
2023-07-28 08:34:41,"update lagi, ini masih banyak bugnya",4,False,521FE80,g
2023-07-27 05:03:22,"Digital ko mesti datang ke dukcapil, masih aja birokrasi panjang",1,False,adit_gudhel,Judulnya digital
2023-07-26 14:58:34,ribet banget,1,False,Tamee1706,ribet
2023-07-26 03:56:58,"Pemerintah kalau mau digital tolong di siapkan di semua platfrom app gedget jangan hanya ada di play store dan Apple Store saja, HP huawei legal dan resmi di indonesia jd harus nya app digital kependudukan sudah siap di semua platform,",1,False,multirasa,App tidak tersedia di Huawei Apps
2023-07-25 06:30:44,Digital tapi harus datang ke Dukcapil ğŸ˜‚ğŸ˜‚ğŸ˜‚ğŸ˜‚ğŸ˜‚ KOCAK!!! Dipikir Dukcapil kayak kantor BRI atau BRILink. ğŸ¤£ğŸ¤£ğŸ¤£ğŸ¤£,1,False,Suyad,Unfaedah
2023-07-24 18:03:40,"aplikasi tolol, abisin anggaran negara, kerja yang bener lah! dimana mana bikin aplikasi tujuannya untuk mempermudah secara online, taunya tetap harus rekam offline juga!!",1,False,chaerulium,tikus negara
2023-07-07 03:10:52,Semoga kedepannyaa aplikasi ini makin berkembang,4,False,Gung Indra 88,Aplikasi pemerintah
2023-07-20 17:17:39,Suruh eko ngehadep gw sini dulu,5,False,Acidine,Buat eko
2023-07-20 16:27:01,Saya tidak dapat memasukan PIN angka 0 di HP saya dikarenakan layar kurang panjang. Mohon diperbaharui aplikasi yang dapat menyesuaikan HP.,2,False,firmanyulianto,Kurang maksimal
2023-07-18 04:49:52,Proyek lagi,1,False,proyekLagi,Proyek lagi
2023-07-16 14:44:32,"Kalo belom siap ke digital jangan dulu deh, ribetttt. Tinggal input data atau tarik data lama bagi yang sudah punya ktp. Ini ngapain verifikasi lagi ke dukcapil...",1,False,warga sipillllllll,Aplikasi percuma
2023-07-15 06:24:25,"KTP udh elektronik ngurus apa"" harus foto copy sekarang IKD gak gunaaa",1,False,Andik1865,Ribet
2023-07-13 06:08:54,"Sekelas kementrian gak bisa hire UI/UX yang proper. Sini hire saya pak, saya bantuin dah ikhlas. Kasian mata seluruh penduduk indonesia",2,False,tkhnvsy,"UI/UX bikin sakit mata, pusing"
2023-07-09 07:05:58,Mohon diperbaiki,1,False,IBENK69r,GAK BISA MASUK KELUAR SENDIRI
2023-07-08 04:32:57,Selama masih diperlukan token ke dukcapil bukan mempermudah layanan tapi masih saja susah,1,False,Ibanez Pratama,Layanan digital tp tetap ke dukcapil
2023-07-06 04:15:26,"Aplikasi nya eror min , tidak bisa login , invalid terus , padahal data sudah sesuai kk , scan barcode invalid , mohon di perbaik , trimakasih",1,False,hendy suhaedy,Tidak bisa login
2023-07-06 03:33:10,Aplikasi yang daftarnya sangat ribet karna harus ke dukcapil. dan belum bisa di gunakan di tempat pelayanan lainnya.,1,False,Kinza1004,Buruk
2023-07-05 20:11:56,"Untuk apa ada Aplikasi ini kalau ujung""nya datang offline??? aneh. berapa sihh anggarannya buat apps kayak gini? masa buat user friendly g bisa?",1,False,madeadiwira,Aneh
2023-06-28 01:53:47,bagaimana dengan kami yg diluar negeri .. mau akses digital tapi musti scan dulu ehehehee.. agak ribett,4,False,Mat Aripin,Ipin Kalbar
2023-07-02 05:01:11,"Konsepnya sih bagus, cuman untuk saat ini kalau ga bisa share ktp lewat gambar sedikit menyusahkan, karena banyak yang masih butuh gambar ktp, seperti buka asuransi, cc, dll. Bagikan lewat qr jg ga berfungsi? Bilang not found. Mungkin sementara sebelum semuanya siap fitur untuk share ktp lewat gambar bs dinyalakan, seperti bisa di screen shoot atau bs diunduh. 
Karena sekarang saya bingung mau urus dokumen yang lain, ga ada ktp fisik, ktp digital ga bisa di share ğŸ˜…",1,False,vernic90,Ga bisa bagikan ktp
2023-06-30 23:22:37,"Pakai aplikasi digital tapi tetap harus datang secara offline, ribet pak",1,False,dibya a,Ribet
2023-06-25 04:20:44,Buat E KTP digital ternyata harus datang ke disdukcapil juga ternyata. Untuk scan barcode dll. Sama aja pak kalau begitu dengan cetak e ktp digital. Info e KTP saya sdh tdk jelas terbaca apapun.,4,False,Jon Bagus,E KTP
2023-06-26 10:27:46,"Tetap aja tidak bisa buat aecara mandiri, mbok ya kalo yg namanya sdh elektronik ada pilihan  buat secara mandiri tanpa ada perlu embel2 validasi segala macemnya, untuk validasi yg dibutuhkan harusnya bisa menggunakan fasilitas vidio call atau sejenisnya, dan buatlah se-efisien mungkin tanpa perlu ada sistem offline.",1,False,akanbchhu,Elektronik sih keren tapiâ€¦
2023-06-23 05:29:26,"bagus sih, tapi keamanan nya perlu dipertanyakan yaaa???? gimana untuk kedepan",5,False,Faris adrian,bagus
2023-06-23 21:33:30,Aplikasi ribet,1,False,Dukcapil id,Aplikasi ribet
2023-06-23 01:02:40,Dukcapil bisa,5,False,Fandef,Ikd
2023-06-22 00:54:54,"Sekuritas aplikasinya bagus, verifikasinya juga bagus harus offline, prosesnya cepat. Cuman masih sering down servernya. Kasian masyarakat yg sudah meluangkan waktu di hari kerja malah terhambat. Kalo bisa ada hari layanan di weekend mungkin bisa lebih banyak masyarakat yg mau mendukung implementasi program ini",5,False,zizi yoyo,Semoga semakin handal
2023-06-22 06:07:00,"Mohon diperbaiki aplikasinya untuk verifikasi cukup dengan foto ktp dan wajah memegang ktp. Tidak perlu verifikasi ke kantor kelurahan ribet, buang2 waktu saja.
Perbankan dan Aplikasi e commerce saja sdh lebih baik dan cepat. 
Ayo dukcapil ditunggu terobosan terbaiknya.",1,False,anoname1,Tidak Praktis
2023-06-20 01:29:05,Untuk apa ini?,5,False,incho69,Masyarakat
2023-06-20 08:47:28,"Sok-sok an mau digital/online tapi tetap aja musti datang ke kantor utk scan QR. Berapa nilai anggaran nya utk bikin aplikasi ini? Balikin aja anggaran nya, biar offline lagiâ€¼ï¸",1,False,Reallydoes,Buang-buang anggaranâ€¼ï¸
2023-06-19 02:06:47,"Untuk pelayanan KTP Digital oleh pihak Kemendagri sangat memuaskan Pelayanan, cepat dan ramah",5,False,ibu ijja,IKD
2023-06-19 22:54:54,Semoga bermanfaat dan makin memudahkan dalam pelayanan,1,False,aznifa,Mantap
2023-06-19 06:24:28,Masak mau bikin identitas digital harus disuruh pake Gmail. Padahal emailnya cuma punya outlook. Kalo pake outlook nggak bisa dan ga dapat verifikasi email buat aktifasi.ğŸ«£,1,False,Auyokri,Developer Appnya Cupu
2023-06-16 09:55:26,Sangat setuju sekali adanya aplikasi iniğŸ‘ğŸ‘,5,False,biiiiiiillllllllaaaaaaaaah,Bilaaaa
2023-06-15 02:50:43,hatur nuhun..,5,False,ratu anggista,hatur nuhun..
2023-06-14 03:12:56,Mantap,5,False,meylani intan,Sip
2023-06-15 02:44:20,Kalo hrs reg. ke kantor mh nya atuh kr naon dibikin e-id yg seharusnya mmbantu ini malah sebaliknya ğŸ˜©,1,False,Comsenta,Hadeuh
2023-06-13 04:19:45,Apakah data kami akan bocor seperti halnya pedulilindungi?,1,False,PJ091,Apakah
2023-06-10 05:34:27,Cara menggunakannya bagaimana?,3,False,izalludin,Cara
2023-06-13 04:04:12,Mantulll,5,False,TetiFf,IKD
2023-06-13 02:37:34,"Sudah aplikasi online tapi mesti datang ke dukcapil lagi dan mesti register di depan petugas dukcapil, lah terus e-ktp yg dibuat dulu sama KK fungsinya apa? Kok yo buat sesuatu nanggung nanggung",1,False,Defricuy,Nyusahin
2023-06-13 01:51:46,Pegawainya Isi Bintang  5 SendiriğŸ˜‚,1,False,iinnnuuu,Ul
2023-06-07 15:40:12,"mantap apk nya, mempermudah buat yg ketinggalan ktp-el nya & bisa lngsung di lihat di hp aja ğŸ˜",4,False,nia.nyuttttt,IKD
2023-06-09 03:39:28,"aplikasi saya daftar selasa tanggal 6 juni lalu, hari ini saya mau cek buka aplikasi disuruh daftar lagi, tidak ada pilihan login atau masukan pin, bagaimana ya",2,False,Delamvro,tidak bisa login disuruh daftar lagi
2023-06-06 07:28:03,"Kl kadang lupa nik anak atau akta cukup buka aplikasi ini, kl dokumen biasa lupa menaruhnya dmn MANTAAAPPPPP",4,False,Afrizal S,Mantap
2023-06-07 08:40:40,Aplikasi yang sangat membantu dan memudahkan sekali,5,False,Nur Meida TR,Aplikasi keren
2023-06-07 08:36:44,Waahh menarik sekali ğŸ¤©,5,False,Pi-sank,KTP DIGITAL
2023-06-07 08:18:08,Mantap,5,False,fuadstn,Mantap
2023-06-07 06:29:56,Aplikasi bagus sangat membantu jika lupa ktp,5,False,didi mahendra,Best App
2023-06-07 00:05:30,Keren,5,False,Agung Krisna,Jhony
2023-06-06 11:48:54,"Mudah di pahami dan sangat bermanfaat, semoga kedepannya bisa sinkron di terima oleh seluruh pelayanan publik, seperti Kepolisian, Bank, Moda Transportasi, dsb, terimakasih Dukcapil Kendal",5,False,dayat berdoa kebaikan,Pelayanan IKD
2023-06-06 09:30:10,Berguna sekali aplikasi ini untuk proses yang membutuhkan ktp. Jadi gak perlu bawa fisik e-ktp,5,False,lasahido,Keren
2023-06-06 09:00:21,Bangga banget bisa mengikuti perkembangan ğŸ¤,5,False,Izzar ghiffari,KTP Digital
2023-06-06 08:11:47,"IKD mantap, DUKCAPIL GO GDIGITALâ™¥ï¸ğŸ”¥ğŸ”¥ğŸ”¥",5,False,I CALL FR,MANTAPâ™¥ï¸â™¥ï¸â™¥ï¸ğŸ’™ğŸ’™ğŸ’™ğŸ”¥ğŸ”¥ğŸ”¥
2023-06-06 07:54:26,Semoga aplikasi lebih berkembang sehingga dapat mempermudah pelayanan publik,5,False,Shaqeel77,Mantap
2023-06-06 07:20:46,"Dengan adanya KTP digital tidak khawatir lagi  kemana-kemana, tidak khawatir KTP rusak untuk seumur hidup, tidak perlu bawa akte lahir dan Kartu keluarga karena sudah ada dalam genggaman",5,False,DanelloBee,KTP Seumur Hidup
2023-06-06 07:07:41,Keren,5,False,siripin,KTP Digital
2023-06-06 07:00:41,Bisa mempermudah segala urusan yang berkaitan dengan KTP,5,False,Jaksa agung,Dukcapil bisa
2023-06-03 06:30:56,"Saya mencoba screenshoot layar untuk print ktp, tetapi tidak berhasil. Apakah ada cara lain untuk print ktp-el? Terima kasih.",4,False,HnM1991,Masalah print ktp-el
2023-06-06 06:48:30,yeayy udh bisa di diphone ğŸ«¶ğŸ»,5,False,ledamajid,IKD
2023-06-06 06:44:04,"Sesuai dengan era 5.0 yang segalanya berbasis teknologi. Memudahkan kami sbg masyarakat dalam melakukan berbagai kebutuhan yg berhubungan dengan KTP, KK, NPWP dll.",5,False,aruniii,Sangat membantu sekali
2023-06-06 06:41:07,Dukcapil bisa dan prima,5,False,masibnu,Dukcapil bisa dan prima
2023-06-06 06:34:36,Agar ditingkatkan lagi performanya dan isinya supaya benar-benar menjadi identitas digital sebagai hub pelayanan publik di Indonesia,5,False,Rio Syakban,KTP Digital yang sebenarnya
2023-06-06 06:33:42,sangat membantu dan lebih praktis dalam penggunaan dan pemilikian dokumen kependudukan,5,False,zvshsjks,ikd
2023-06-06 06:32:21,Semoga kedepannya aplikasi ini bs dimanfaatkan dg maksimal dan bs terintegerasi dg sistem pemerintahan lainnya spt bpjs dan npwp,5,False,Gusti Nana,Bagus
2023-05-29 04:16:26,Akhire rilis tenan gawe ip,4,False,Dhy_,?
2023-06-01 09:13:41,"KTP digital (online) tapi proses verifikasi masih harus ada petugas disdukcapil (offline).
Sedikit ribet jika kita pekerja reguler harus izin dahulu.",2,False,aqshaqshaqsha,Verifikasi
2023-05-29 11:26:49,"Di percepat perkenalan Ktp digital ini ke instansi / lembaga lain agar bisa menerima Ktp digital bukan cuma Ktp fisik.
Karena jika sudah di terima ke semua pasti ini sangat bermanfaat di banding Ktp fisik.
Di jaman sekarang orang lebih milih bawa gadget dibanding bawa dompet. 
Semua sudah era digital.
Yuk bisa yukkkkâ€¦.",5,False,rendss,KTP Digital di terima ke semua lembaga
2023-05-27 12:26:52,mantep bgt deh,4,False,karinapn,mantep
2023-05-26 10:39:55,Sangat membantu...ğŸ‘ğŸ»ğŸ‘ğŸ»,5,False,Iqbal__,Keren...
2023-05-27 09:46:28,Tolong saya diapaksa download aplikasi ğŸ¥¹ğŸ¥¹ğŸ¥¹,1,False,bgxu opong,SAYA DIPAKSA
2023-05-26 08:26:49,Semoga bisa digunakan di segala layanan,5,False,fattahul94,Identitas Digital
2023-05-25 13:16:39,Tidak Perlu Khawatir jika KTP Ketinggalan,5,False,komen komen,Sangat Membantu
2023-05-25 05:57:23,Pemanfaatan data kependudukan,5,False,luthenrique21,Bermanfaat
2023-05-25 07:39:08,Harus minta kode QR dari dukcapil,1,False,abdul wawa,Susah
2023-05-25 04:42:51,Sangat berguna..ğŸ‘ğŸ‘ğŸ‘ğŸ‘,5,False,pras_utomo,IKD mantap..ğŸ‘ğŸ‘
2023-05-25 04:36:41,Memudahkan melihat ktp digital dan KK,5,False,firdiman,Memudahkan
2023-05-25 04:17:57,Semoga bisa tersedia dokumen lainnya seperti bpjs dll,5,False,Herysetiawan,Tingkatkan
2023-05-25 04:06:58,Memudahkan sekali,5,False,Humaray,ğŸ‘
2023-05-25 03:31:23,Mantap,5,False,tans199666383882,ğŸ‘ğŸ»ğŸ‘ğŸ»ğŸ‘ğŸ»ğŸ‘ğŸ»ğŸ‘ğŸ»
2023-08-25 07:42:27,"Yang pada protes bilang digital tapi harus datang ke kantor, mungkin pada tolol kali ya? Itu namanya pemerintah bener2 menjaga keamanan saat verifikasi. Verifikasi ktp digital bener2 terpasang di HP bersangkutan. Kalo verifikasi semudah verifikasi pinjol, ntar kalo data lu disalah gunain orang karena mudah bgt verif nya mau??? 
Yang pada bilang cetak mandiri tapi masih datang ke kelurahan dll, kayanya emang elu sih yang tolol gatau caranya. Cetak mandiri nyetak sendiri padahal, selama itu bukan blangko KTP atau KIA. Makanya kalo tolol itu belajar. Kebiasaan +62 udah tolol, nyolot pula.",5,False,berlianafd,"Buat yang udah baca bintang 1, wajib baca ini."
2023-06-07 01:34:18,"Sangat membantu pelayanan , bintang 100000000000",5,False,dyatrii,Mantap
2023-07-22 07:44:58,"Ini apalimasi online apa offline kenapa tetep harus datang ke dukcapil. Anehh yg kasih bintang 5 pegawainya sendiri. Coba duku mas aplikasinya baru kasih bintang. Biar aplikasinya berkembang, kalau kyk gini mah cuma abisin anggaran rakyat aja. Semoga kedepannya aplikasi pemerintah digarap dengan lebih baik dan bisa bersaing dengan aplikasi swasta",1,False,hjskskss,Aplikasi belum siap
2024-05-21 02:33:26,"NIK GUA 15 DIGIT GIMANA?
GAK BISA PAKAI APK INI?",1,False,aldo2525,Apaansih
2024-03-26 14:13:35,"Dulu urus akte lahir anak sekaligus untuk KIA juga, hasilnya hanya akte lahir yg terbit ,, KIA menyusul alasan dr tmpt kelurahan
 1. Covid 
2. Blangko kosong
3. Nunggu barengan sm yg mau urus KIA
 akhirnya saya malas urus manual lg.
Seneng donk Dapat info bs urus online tapi apahhhhhhh nyuruh tetep datang ke kantor supaya dapat QR verifikasi data.. sama aja bohong donk !!!! Niat mempermudah Ato mempersulit ya???????????????????????",1,False,Nelly AP,"Alibi Onlie , QR harus ke kantor dukcapil yang bener aja !"
2024-03-04 05:32:25,MAU DAFTAR AJA HARUS SCAN BARCODE ME DUKCAPIL RIBEEETTTT KORUPSI AJA LU BUKANNYA NGEMBANGIN SISTEM YG BAGUS UDH DIBAYAR JUGA SAMA RAKYAT !!!,1,False,rdennir,MANA ADA ONLINE TAPI HARUS TETEP KE DUKCAPIL
2024-02-28 23:40:25,BURUK SEKALI EVERYBODY,1,False,jelebuuu,(   )
2024-02-05 17:37:03,"ONLINE DARIMANA UJUNG"" NYA DISURUH DTENG KE DUCAKPIL, APUS AJA INI APP KLO GD UPDATE TERBARU HRS NYA OTOMATIS KEKIRIM KE EMAIL KEK, KAN ENAK SIMPLE",1,False,m4lskutt,MEMPERSULIT
2023-10-08 12:07:57,"WKWKWKWK KATANYA ONLINE TP DISURUH SCAN QR KE DUKCAPIL, APUS AJA APPS NYA",1,False,Tommmm96s,Aplikasi gajelas
